{
    "left_camera_matrix": [
        [
            1007.0473521667438,
            0.0,
            966.4362270615226
        ],
        [
            0.0,
            1006.3706113863402,
            801.1653162422417
        ],
        [
            0.0,
            0.0,
            1.0
        ]
    ],
    "left_distortion_coefficients": [
        [
            -0.36098409740816534,
            0.1531146193977611,
            -0.0011324065672776915,
            0.0007368281699730824,
            -0.03361316078213708
        ]
    ],
    "right_camera_matrix": [
        [
            1003.2840606176624,
            0.0,
            967.501267029604
        ],
        [
            0.0,
            1002.3643160661666,
            767.4642985553453
        ],
        [
            0.0,
            0.0,
            1.0
        ]
    ],
    "right_distortion_coefficients": [
        [
            -0.3505842301557383,
            0.13666413566525526,
            -0.00035287278152495717,
            0.0013428946665832255,
            -0.0260982000310527
        ]
    ],
    "rotation_matrix": [
        [
            0.9998732130529094,
            0.0018994375737028581,
            -0.015809805696297294
        ],
        [
            -0.001973522771323789,
            0.999987139912619,
            -0.004671746702377287
        ],
        [
            0.015800728689593244,
            0.004702355397427163,
            0.9998641031793242
        ]
    ],
    "translation_vector": [
        [
            -0.05992435397510031
        ],
        [
            0.00014693916067427468
        ],
        [
            -0.0015231502508264605
        ]
    ],
    "essential_matrix": [
        [
            -6.84225892462797e-07,
            0.0015238216231364308,
            0.00013980341994798261
        ],
        [
            -0.0005761086761964896,
            0.0002788924805353341,
            0.05994029115542587
        ],
        [
            -2.8658453579957074e-05,
            -0.059923862444434775,
            0.0002822744826547014
        ]
    ],
    "fundamental_matrix": [
        [
            -2.3333438761616636e-10,
            5.200023675323494e-07,
            -0.00036837067539486793
        ],
        [
            -1.9664457683217384e-07,
            9.525906383204026e-08,
            0.020717477437142806
        ],
        [
            0.0001413382559359533,
            -0.021092315261511854,
            1.0
        ]
    ]
}
